ÏãÂúÔ°ÃØÖÆÕÆÒàìÒ,»ğ¹ø,41531083,130585412213978664286939228131036346519_a41531083_c0_e13003157791741992922_nareaid13153
ÈÙÇ¬¼Ç&¼Èµ¾ìÒ×Ğ·¹,¿ì²Í,189473038,130585412213978664286939228131036346519_a189473038_c1_e13003157791741992922_nareaid13153
è¡Ö®ÁÕµ°¸â£¨½­ÆÖµê£©,µ°¸â,192643815,135572939116174844338327061078088312287_a192643815_c2_e13003157791741992922_v1134722369931358268__6_nareaid13153
Òİº£Î÷²ÍÌü,Î÷²Í,6393241,130585412213978664286939228131036346519_a6393241_c3_e13003157791741992922_nareaid13153
¶«¾ÛÃÀÊ³µê,ÔÁ²Ë,164852823,130585412213978664286939228131036346519_a164852823_c4_e13003157791741992922_nareaid13153
À´¼ÒßÈ·¹¡¤³»ÖİË½·¿²Ë,Ë½·¿²Ë,160147919,130585412213978664286939228131036346519_a160147919_c5_e13003157791741992922_nareaid13153
´ó½øÏ²ÉÕÖíÉÕ¶ì,ÉÕÀ°,6427713,130585412213978664286939228131036346519_a6427713_c6_e13003157791741992922_nareaid13153
ÀóÔ°Å©×¯,ÔÁ²Ë,51945062,130585412213978664286939228131036346519_a51945062_c7_e13003157791741992922_nareaid13153
È¤ÏãÔ°£¨ÀÖêÍºæ±º  ÆßĞÇÊĞ³¡µê£©,µ°¸â,5680764,130585412213978664286939228131036346519_a5680764_c8_e13003157791741992922_nareaid13153
ßäßäÊÙË¾ÃÀÊ³µê,ÈÕÊ½ÊÙË¾,91530433,130585412213978664286939228131036346519_a91530433_c9_e13003157791741992922_nareaid13153
¹ûÃÜ·»,µ°¸â,95822888,130585412213978664286939228131036346519_a95822888_c10_e13003157791741992922_nareaid13153
ĞİÏĞÅ©×¯,²è²ÍÌü,51769948,130585412213978664286939228131036346519_a51769948_c11_e13003157791741992922_nareaid13153
ÖØÇìÍòÖİ¿¾Óã,¿¾Óã,52029881,130585412213978664286939228131036346519_a52029881_c12_e13003157791741992922_nareaid13153
¸£ÁÖ¸ó»ğ¹ø´å,»ğ¹ø,5266106,130585412213978664286939228131036346519_a5266106_c13_e13003157791741992922_nareaid13153
ÖĞ¼Ç²ÍÌü,ÔÁ²Ë,2750460,130585412213978664286939228131036346519_a2750460_c14_e13003157791741992922_nareaid13153
